[
  {
    "buyer": "62882007324217@s.whatsapp.net",
    "status": "Transaksi Sukses",
    "ref_id": "3vJGuMc2pB34RubkmxVku4",
    "jam": "16:37:02",
    "date": "2024-04-19 16:37:02",
    "produk": "DANA 1.000",
    "harga_modal": 1040,
    "harga": "1070",
    "tujuan": "0882007324217",
    "invoice": "TOPUP SUKSES DNID A****g S**i/Rp.1000/2024041910121420010100166618290433380"
  },
  {
    "buyer": "62882007324217@s.whatsapp.net",
    "status": "Transaksi Sukses",
    "ref_id": "r3PHBWuWxo2FiWRKRWQodW",
    "jam": "17:33:53",
    "date": "2024-04-19 17:33:53",
    "produk": "DANA 1.000",
    "harga_modal": 1040,
    "harga": "1059",
    "tujuan": "0882007324217",
    "invoice": "TOPUP SUKSES DNID A****g S**i/Rp.1000/2024041910121420010100166655690683107"
  },
  {
    "buyer": "62882007324217@s.whatsapp.net",
    "status": "Transaksi Sukses",
    "ref_id": "1XQDZR8PN8BkURrTg2aA5y",
    "jam": "07:06:57",
    "date": "2024-04-20 07:06:57",
    "produk": "Smartfren 4 GB / 14 Hari",
    "harga_modal": 16500,
    "harga": "17325",
    "tujuan": "088228826183",
    "invoice": "201299237911"
  },
  {
    "buyer": "62882007324217@s.whatsapp.net",
    "status": "Transaksi Sukses",
    "ref_id": "1cbWQQcFgBpXQ6ccgXwfDF",
    "jam": "11:37:51",
    "date": "2024-04-20 11:37:51",
    "produk": "Smartfren Youtube 10 GB / 7 Hari",
    "harga_modal": 9955,
    "harga": "10452",
    "tujuan": "088216192259",
    "invoice": "711916798"
  },
  {
    "buyer": "62882007324217@s.whatsapp.net",
    "status": "Transaksi Sukses",
    "ref_id": "tuUbGQ36vzQWrA8vZBPyHk",
    "jam": "16:17:29",
    "date": "2024-04-20 16:17:29",
    "produk": "Free Fire 100 Diamond",
    "harga_modal": 13157,
    "harga": "13814",
    "tujuan": "2978970634",
    "invoice": "User=2978970634, Reff:14471262351653285882"
  },
  {
    "buyer": "62882007324217@s.whatsapp.net",
    "status": "Transaksi Sukses",
    "ref_id": "n9sNEQPV9YbdNRCeJjjvVV",
    "jam": "20:51:25",
    "date": "2024-04-20 20:51:25",
    "produk": "Indosat 20.000",
    "harga_modal": 19145,
    "harga": "19336",
    "tujuan": "085712804568",
    "invoice": "03396400025999902640"
  },
  {
    "buyer": "6285391229323@s.whatsapp.net",
    "status": "Transaksi Sukses",
    "ref_id": "4SjYXSvUPjEow5AXYCfpK1",
    "jam": "22:28:17",
    "date": "2024-04-20 22:28:17",
    "produk": "MOBILELEGEND - 10 Diamond",
    "harga_modal": 2705,
    "harga": "2840",
    "tujuan": "405520401028",
    "invoice": "IGN: Lixzyy. Ref: MLAX18EFC1F480F260B6C1689FD98"
  },
  {
    "buyer": "62882007324217@s.whatsapp.net",
    "status": "Transaksi Sukses",
    "ref_id": "aa4zsjbMgxWpsvthKqSjrR",
    "jam": "22:59:37",
    "date": "2024-04-20 22:59:37",
    "produk": "DANA 2.000",
    "harga_modal": 2095,
    "harga": "2115",
    "tujuan": "0882007324217",
    "invoice": "DNID ANTXXX SARX/2000/2024042010121481030100166649890680645"
  },
  {
    "buyer": "62882007324217@s.whatsapp.net",
    "status": "Transaksi Sukses",
    "ref_id": "qqSSZczrK9sjwXP54Xxx9a",
    "jam": "09:57:27",
    "date": "2024-04-21 09:57:27",
    "produk": "Free Fire 100 Diamond",
    "harga_modal": 13157,
    "harga": "13288",
    "tujuan": "1123532034",
    "invoice": "User=1123532034, Reff:5199371891283430578"
  },
  {
    "buyer": "62882007324217@s.whatsapp.net",
    "status": "Transaksi Sukses",
    "ref_id": "3jHpR7wjGmaokXu2tZUPCE",
    "jam": "09:59:43",
    "date": "2024-04-21 09:59:43",
    "produk": "Indosat Yellow 3 GB 3 Hari",
    "harga_modal": 8995,
    "harga": "9444",
    "tujuan": "085778855113",
    "invoice": "TID-03398200026025281072"
  },
  {
    "buyer": "62882007324217@s.whatsapp.net",
    "status": "Transaksi Sukses",
    "ref_id": "h1rntaDqLB4TyRGM1V9e3t",
    "jam": "10:02:55",
    "date": "2024-04-21 10:02:55",
    "produk": "DANA 1.000",
    "harga_modal": 1040,
    "harga": "1092",
    "tujuan": "0882007324217",
    "invoice": "TOPUP SUKSES DNID A****g S**i/Rp.1000/2024042110121420010100166723689978647"
  },
  {
    "buyer": "62882007324217@s.whatsapp.net",
    "status": "Transaksi Sukses",
    "ref_id": "hpkXsyTr2diFts14iDxwhn",
    "jam": "12:08:31",
    "date": "2024-04-21 12:08:31",
    "produk": "Indosat 5.000",
    "harga_modal": 5635,
    "harga": "5804",
    "tujuan": "085642231436",
    "invoice": "03351236415244078191"
  },
  {
    "buyer": "62882007324217@s.whatsapp.net",
    "status": "Transaksi Sukses",
    "ref_id": "wcRn6saPmVQcDnMdHWx8Zx",
    "jam": "18:05:29",
    "date": "2024-04-21 18:05:29",
    "produk": "DANA 45.000",
    "harga_modal": 45125,
    "harga": "46478",
    "tujuan": "08895251352",
    "invoice": "2024042110121481030100166243793119350/DNID TANXX DYAX LESXXXX"
  },
  {
    "buyer": "62882007324217@s.whatsapp.net",
    "status": "Transaksi Sukses",
    "ref_id": "whBjQCH36srSMmodXTDDNA",
    "jam": "17:51:51",
    "date": "2024-04-22 17:51:51",
    "produk": "Indosat 10.000",
    "harga_modal": 9950,
    "harga": "10248",
    "tujuan": "085799504914",
    "invoice": "03349800125151383201"
  },
  {
    "buyer": "62882007324217@s.whatsapp.net",
    "status": "Transaksi Sukses",
    "ref_id": "sAQyJnpHhfVmwb1VxH81sG",
    "jam": "13:11:50",
    "date": "2024-04-24 08:11:50",
    "produk": "DANA 1.000",
    "harga_modal": 1040,
    "harga": "1071",
    "tujuan": "0882007324217",
    "invoice": "TOPUP SUKSES DNID A****g S**i/Rp.1000/2024042410121420010100166110192134570"
  },
  {
    "buyer": "6283842144743@s.whatsapp.net",
    "status": "Transaksi Sukses",
    "ref_id": "b24a26eeda154cf",
    "jam": "11:07:30",
    "date": "Jun 8, 2024",
    "produk": "PUBG MOBILE 325 UC",
    "harga_modal": 61652,
    "harga": 62885,
    "tujuan": "5547105869",
    "invoice": "SUKSES"
  },
  {
    "buyer": "6283842144743@s.whatsapp.net",
    "status": "Transaksi Sukses",
    "ref_id": "d0b7961083e3465",
    "jam": "16:15:56",
    "date": "Jun 8, 2024",
    "produk": "MOBILE LEGENDS Weekly Diamond Pass",
    "harga_modal": 25875,
    "harga": 26392,
    "tujuan": "972698822505",
    "invoice": "Cookies. Ref: VBMLBBXX18FF7220EB129665B2F282A36"
  },
  {
    "buyer": "6283842144743@s.whatsapp.net",
    "status": "Transaksi Sukses",
    "ref_id": "15686253fca1492",
    "jam": "16:18:41",
    "date": "Jun 8, 2024",
    "produk": "MOBILE LEGENDS Weekly Diamond Pass",
    "harga_modal": 25875,
    "harga": 26392,
    "tujuan": "972698822505",
    "invoice": "Cookies. Ref: VBMLBBXX18FF7248D1F14887186EB5122"
  },
  {
    "buyer": "6283842144743@s.whatsapp.net",
    "status": "Transaksi Sukses",
    "ref_id": "195e131bfec944c",
    "jam": "16:19:57",
    "date": "Jun 8, 2024",
    "produk": "MOBILE LEGENDS Weekly Diamond Pass",
    "harga_modal": 25875,
    "harga": 26392,
    "tujuan": "972698822505",
    "invoice": "Cookies. Ref: VBMLBBXX18FF725BA33A25C49D26A9778"
  },
  {
    "buyer": "6285171502270@s.whatsapp.net",
    "status": "Transaksi Sukses",
    "ref_id": "13df2fa170c9401",
    "jam": "18:47:20",
    "date": "Jun 8, 2024",
    "produk": "by.U Data 7 GB 30 Hari",
    "harga_modal": 20000,
    "harga": 20800,
    "tujuan": "085183528807",
    "invoice": "03446100000842333141"
  },
  {
    "buyer": "6285171502270@s.whatsapp.net",
    "status": "Transaksi Sukses",
    "ref_id": "cf4d53693333464",
    "jam": "20:32:07",
    "date": "Jun 9, 2024",
    "produk": "by.U Data 7 GB 30 Hari",
    "harga_modal": 20000,
    "harga": 20800,
    "tujuan": "085183528810",
    "invoice": "03447700000857226467"
  },
  {
    "buyer": "62882006479582@s.whatsapp.net",
    "status": "Transaksi Sukses",
    "ref_id": "000ee003424e42a",
    "jam": "20:06:33",
    "date": "Jun 10, 2024",
    "produk": "MOBILELEGEND - 3 Diamond",
    "harga_modal": 997,
    "harga": 1045,
    "tujuan": "1907661702987",
    "invoice": "Badroll . TrxId: TO008718024789429976371"
  },
  {
    "buyer": "6285171502270@s.whatsapp.net",
    "status": "Transaksi Sukses",
    "ref_id": "85257007f2d5489",
    "jam": "21:12:50",
    "date": "Jun 13, 2024",
    "produk": "by.U Data 7 GB 30 Hari",
    "harga_modal": 20000,
    "harga": 20800,
    "tujuan": "085183591884",
    "invoice": "03451500000938318055"
  },
  {
    "buyer": "6285171502270@s.whatsapp.net",
    "status": "Transaksi Sukses",
    "ref_id": "0f3cf2ed4a4a440",
    "jam": "08:20:38",
    "date": "Jun 14, 2024",
    "produk": "Aktivasi Voucher Smartfren Unlimited Harian 1 GB 7 Hari",
    "harga_modal": 26848,
    "harga": 27921,
    "tujuan": "200899642350",
    "invoice": "140623660316"
  },
  {
    "buyer": "6285183528807@s.whatsapp.net",
    "status": "Transaksi Sukses",
    "ref_id": "1f64ba344c6647c",
    "jam": "16:41:30",
    "date": "Jun 14, 2024",
    "produk": "Telkomsel 50.000",
    "harga_modal": 45375,
    "harga": 47190,
    "tujuan": "082134586037",
    "invoice": "03452700000951968278"
  },
  {
    "buyer": "6285183528807@s.whatsapp.net",
    "status": "Transaksi Sukses",
    "ref_id": "851cee1e9733489",
    "jam": "16:47:14",
    "date": "Jun 14, 2024",
    "produk": "Telkomsel 50.000",
    "harga_modal": 45375,
    "harga": 47190,
    "tujuan": "082226003771",
    "invoice": "03452700000951953592"
  },
  {
    "buyer": "6285183528807@s.whatsapp.net",
    "status": "Transaksi Sukses",
    "ref_id": "7317b61d98a346f",
    "jam": "22:23:16",
    "date": "Jun 14, 2024",
    "produk": "Indosat Freedom Internet 42 GB 30 Hari",
    "harga_modal": 93825,
    "harga": 95680,
    "tujuan": "085700438022",
    "invoice": "03452700026700964637"
  },
  {
    "buyer": "6285171502270@s.whatsapp.net",
    "status": "Transaksi Sukses",
    "ref_id": "786475f3e08643f",
    "jam": "00:33:21",
    "date": "Jun 17, 2024",
    "produk": "by.U Data 7 GB 30 Hari",
    "harga_modal": 20000,
    "harga": 20800,
    "tujuan": "085183591883",
    "invoice": "03455400000993582904"
  },
  {
    "buyer": "6285171502270@s.whatsapp.net",
    "status": "Transaksi Sukses",
    "ref_id": "4264abafb8fe45b",
    "jam": "22:37:01",
    "date": "Jun 17, 2024",
    "produk": "DANA 20.000",
    "harga_modal": 20110,
    "harga": 20914,
    "tujuan": "083190169324",
    "invoice": "DNID SAEXXXXX/20000/2024061710121481030100166670911464775"
  },
  {
    "buyer": "6285171502270@s.whatsapp.net",
    "status": "Transaksi Sukses",
    "ref_id": "118356ce83cf4b7",
    "jam": "22:43:45",
    "date": "Jun 20, 2024",
    "produk": "AlwaysOn 6 GB",
    "harga_modal": 29915,
    "harga": 31111,
    "tujuan": "089506868750",
    "invoice": "240620224340293"
  },
  {
    "buyer": "6285171502270@s.whatsapp.net",
    "status": "Transaksi Sukses",
    "ref_id": "e946474efe9b474",
    "jam": "15:11:31",
    "date": "Jun 23, 2024",
    "produk": "DANA 100.000",
    "harga_modal": 100075,
    "harga": 104078,
    "tujuan": "083190169324",
    "invoice": "DNID SAEXXXXX/2024062310121481030100166670913160960."
  },
  {
    "buyer": "6285171502270@s.whatsapp.net",
    "status": "Transaksi Sukses",
    "ref_id": "0fc1aab616724f3",
    "jam": "15:11:50",
    "date": "Jun 23, 2024",
    "produk": "DANA 100.000",
    "harga_modal": 100075,
    "harga": 104078,
    "tujuan": "083190169324",
    "invoice": "DNID SAEXXXXX/2024062310121481030100166670913225709."
  },
  {
    "buyer": "6285171502270@s.whatsapp.net",
    "status": "Transaksi Sukses",
    "ref_id": "178e29fcf36349e",
    "jam": "15:12:13",
    "date": "Jun 23, 2024",
    "produk": "DANA 100.000",
    "harga_modal": 100075,
    "harga": 104078,
    "tujuan": "083190169324",
    "invoice": "DNID SAEXXXXX/2024062310121481030100166670913193332."
  },
  {
    "buyer": "6285171502270@s.whatsapp.net",
    "status": "Transaksi Sukses",
    "ref_id": "cb2d432347d24f1",
    "jam": "15:12:30",
    "date": "Jun 23, 2024",
    "produk": "DANA 100.000",
    "harga_modal": 100075,
    "harga": 104078,
    "tujuan": "083190169324",
    "invoice": "DNID SAEXXXXX/2024062310121481030100166670913178492."
  },
  {
    "buyer": "6285171502270@s.whatsapp.net",
    "status": "Transaksi Sukses",
    "ref_id": "b626654d0b5343c",
    "jam": "15:12:48",
    "date": "Jun 23, 2024",
    "produk": "DANA 100.000",
    "harga_modal": 100075,
    "harga": 104078,
    "tujuan": "083190169324",
    "invoice": "DNID SAEXXXXX/2024062310121481030100166670913145736."
  },
  {
    "buyer": "6285171502270@s.whatsapp.net",
    "status": "Transaksi Sukses",
    "ref_id": "fc6078a9e53445c",
    "jam": "10:16:53",
    "date": "Jun 27, 2024",
    "produk": "Xl 10.000",
    "harga_modal": 10640,
    "harga": 10959,
    "tujuan": "087863332053",
    "invoice": "TKXL270648dd71"
  },
  {
    "buyer": "6285171502270@s.whatsapp.net",
    "status": "Transaksi Sukses",
    "ref_id": "ffa54e019f954bf",
    "jam": "11:45:36",
    "date": "Jun 27, 2024",
    "produk": "Indosat Freedom Internet 5 GB 5 Hari",
    "harga_modal": 15170,
    "harga": 14214,
    "tujuan": "085712453369",
    "invoice": "02276347415363512589747"
  },
  {
    "buyer": "6285171502270@s.whatsapp.net",
    "status": "Transaksi Sukses",
    "ref_id": "549d67c925da4ea",
    "jam": "12:52:41",
    "date": "Jun 27, 2024",
    "produk": "Tri Data Happy 3 GB 3 Hari",
    "harga_modal": 10550,
    "harga": 10866,
    "tujuan": "089652765063",
    "invoice": "THDD4/DPBAT240627125236859R0453"
  },
  {
    "buyer": "6285171502270@s.whatsapp.net",
    "status": "Transaksi Sukses",
    "ref_id": "3f95cea48b50476",
    "jam": "18:12:09",
    "date": "Jun 27, 2024",
    "produk": "Smartfren Data 2 GB / 3 Hari",
    "harga_modal": 6015,
    "harga": 6195,
    "tujuan": "088226488976",
    "invoice": "2025163788226488976"
  },
  {
    "buyer": "6285171502270@s.whatsapp.net",
    "status": "Transaksi Sukses",
    "ref_id": "091a4cad93974fa",
    "jam": "19:05:11",
    "date": "Jun 27, 2024",
    "produk": "by.U Data 10 GB 1 Hari",
    "harga_modal": 10580,
    "harga": 10897,
    "tujuan": "085183591883",
    "invoice": "1094300005155596/Pelanggan ByU"
  },
  {
    "buyer": "6285171502270@s.whatsapp.net",
    "status": "Transaksi Sukses",
    "ref_id": "ee94dc4122564b5",
    "jam": "20:07:51",
    "date": "Jun 27, 2024",
    "produk": "SHOPEE PAY 10.000",
    "harga_modal": 10250,
    "harga": 10557,
    "tujuan": "085171502270",
    "invoice": "SHP/085171502270/BAGAS/10000/SERIAL:UWSD1YP5CUETFG2WXPV5J2BCQHDZY"
  },
  {
    "buyer": "6285171502270@s.whatsapp.net",
    "status": "Transaksi Sukses",
    "ref_id": "b226dc141cb6476",
    "jam": "20:12:41",
    "date": "Jun 27, 2024",
    "produk": "SHOPEE PAY 10.000",
    "harga_modal": 10250,
    "harga": 10632,
    "tujuan": "085171502270",
    "invoice": "SHP/085171502270/BAGAS/10000/SERIAL:UWSUBY3OSQB4HVLHZ3BBV1U6A1QJI"
  },
  {
    "buyer": "6285171502270@s.whatsapp.net",
    "status": "Transaksi Sukses",
    "ref_id": "b888e415025e45c",
    "jam": "22:22:10",
    "date": "Jun 27, 2024",
    "produk": "Honor of Kings 80 Tokens",
    "harga_modal": 10247,
    "harga": 10300,
    "tujuan": "10106246145087337844",
    "invoice": "YPV7FSS5ECFTO9RA"
  },
  {
    "buyer": "6285171502270@s.whatsapp.net",
    "status": "Transaksi Sukses",
    "ref_id": "0cbddc7d6ee0423",
    "jam": "18:19:44",
    "date": "Jun 29, 2024",
    "produk": "DANA 5.000",
    "harga_modal": 5110,
    "harga": 5263,
    "tujuan": "085171502270",
    "invoice": "DNID BAGXX CHOXXXX AMIX/5000/2024062910121481030100166533316191022"
  },
  {
    "buyer": "6283842144743@s.whatsapp.net",
    "status": "Transaksi Sukses",
    "ref_id": "276219146e8d4f0",
    "jam": "20:38:04",
    "date": "Jun 29, 2024",
    "produk": "MOBILELEGEND - 3 Diamond",
    "harga_modal": 997,
    "harga": 1008,
    "tujuan": "999523932515",
    "invoice": "Kejroot Angell . TrxId: T719668278915902542"
  },
  {
    "buyer": "6285171502270@s.whatsapp.net",
    "status": "Transaksi Sukses",
    "ref_id": "0c5087694fa24ca",
    "jam": "20:50:32",
    "date": "Jun 29, 2024",
    "produk": "Xl 10.000",
    "harga_modal": 10635,
    "harga": 10959,
    "tujuan": "087863332053",
    "invoice": "TKXL290656a3d5"
  },
  {
    "buyer": "6285942353555@s.whatsapp.net",
    "status": "Transaksi Sukses",
    "ref_id": "9e8ad6983fc9453",
    "jam": "21:26:33",
    "date": "Jun 29, 2024",
    "produk": "DANA 5.000",
    "harga_modal": 5110,
    "harga": 5301,
    "tujuan": "082145545647",
    "invoice": "DNID-FITXXXXXX-082145545647/2024062910121481030100166737015127899"
  },
  {
    "buyer": "62882006479582@s.whatsapp.net",
    "status": "Transaksi Sukses",
    "ref_id": "5460571a7c93452",
    "jam": "20:50:25",
    "date": "Jun 30, 2024",
    "produk": "Smartfren Data 2 GB / 3 Hari",
    "harga_modal": 6015,
    "harga": 6239,
    "tujuan": "0882006479582",
    "invoice": "20389305882006479582"
  },
  {
    "buyer": "6283824778078@s.whatsapp.net",
    "status": "Transaksi Sukses",
    "ref_id": "9449d8e2b87a4b6",
    "jam": "02:12:10",
    "date": "Jul 1, 2024",
    "produk": "DANA 1.000",
    "harga_modal": 1095,
    "harga": 1136,
    "tujuan": "082278156885",
    "invoice": "DNID AXX SUSXXX/1000/2024070110121481030100166604317572468"
  },
  {
    "buyer": "6285171502270@s.whatsapp.net",
    "status": "Transaksi Sukses",
    "ref_id": "db68db03e3b44e6",
    "jam": "10:58:59",
    "date": "Jul 1, 2024",
    "produk": "DANA 350.000",
    "harga_modal": 350060,
    "harga": 360561,
    "tujuan": "083190169324",
    "invoice": "240701GM11404448/DNID SAEXXXXX"
  },
  {
    "buyer": "6285171502270@s.whatsapp.net",
    "status": "Transaksi Sukses",
    "ref_id": "5c4dd46f82754f6",
    "jam": "12:27:18",
    "date": "Jul 1, 2024",
    "produk": "Smartfren Data 2 GB / 3 Hari",
    "harga_modal": 6015,
    "harga": 6195,
    "tujuan": "088226488976",
    "invoice": "2040446488226488976"
  },
  {
    "buyer": "6285171502270@s.whatsapp.net",
    "status": "Transaksi Sukses",
    "ref_id": "1bf4fb3903bb4ce",
    "jam": "21:52:46",
    "date": "Jul 3, 2024",
    "produk": "DANA 5.000",
    "harga_modal": 5110,
    "harga": 5263,
    "tujuan": "085171502270",
    "invoice": "DNID BAGXX CHOXXXX AMIX/5000/2024070310121481030100166533317679600"
  },
  {
    "buyer": "6281234100414@s.whatsapp.net",
    "status": "Transaksi Sukses",
    "ref_id": "855a774ff7a7453",
    "jam": "21:53:36",
    "date": "Jul 3, 2024",
    "produk": "Honor of Kings 16 Tokens",
    "harga_modal": 2502,
    "harga": 2577,
    "tujuan": "9470360695857457041",
    "invoice": "BPDDD84BD12AF3C8DAE7C6D"
  }
]