[
  {
    "buyer": "62882007324217@s.whatsapp.net",
    "status": "Berhasil",
    "ref_id": "#66978193",
    "jam": "16:38:12",
    "date": "2024-04-19 16:38:12",
    "saldo_diterima": 1000,
    "total_bayar": 1007
  },
  {
    "buyer": "62882007324217@s.whatsapp.net",
    "status": "Berhasil",
    "ref_id": "#26989460",
    "jam": "16:46:56",
    "date": "2024-04-19 16:46:56",
    "saldo_diterima": 1000,
    "total_bayar": 1007
  },
  {
    "buyer": "62882007324217@s.whatsapp.net",
    "status": "Berhasil",
    "ref_id": "#66483844",
    "jam": "17:15:33",
    "date": "2024-04-19 17:15:33",
    "saldo_diterima": 100000,
    "total_bayar": 100700
  },
  {
    "buyer": "62882007324217@s.whatsapp.net",
    "status": "Berhasil",
    "ref_id": "#91004449",
    "jam": "17:18:34",
    "date": "2024-04-19 17:18:34",
    "saldo_diterima": 40000,
    "total_bayar": 40280
  },
  {
    "buyer": "62882007324217@s.whatsapp.net",
    "status": "Berhasil",
    "ref_id": "#50212397",
    "jam": "11:36:03",
    "date": "2024-04-20 11:36:03",
    "saldo_diterima": 10000,
    "total_bayar": 10070
  },
  {
    "buyer": "62882007324217@s.whatsapp.net",
    "status": "Berhasil",
    "ref_id": "#30845372",
    "jam": "11:43:21",
    "date": "2024-04-20 11:43:21",
    "saldo_diterima": 1990000,
    "total_bayar": 2003930
  },
  {
    "buyer": "62882007324217@s.whatsapp.net",
    "status": "Berhasil",
    "ref_id": "#khlue",
    "jam": "17:49:53",
    "date": "2024-04-20 17:49:45",
    "saldo_diterima": 1010,
    "total_bayar": 1017
  },
  {
    "buyer": "6285391229323@s.whatsapp.net",
    "status": "Berhasil",
    "ref_id": "#anbkk",
    "jam": "17:58:59",
    "date": "2024-04-20 17:58:53",
    "saldo_diterima": 1011,
    "total_bayar": 1018
  },
  {
    "buyer": "62882007324217@s.whatsapp.net",
    "status": "Berhasil",
    "ref_id": "#akwbz",
    "jam": "19:30:02",
    "date": "2024-04-20 19:29:55",
    "saldo_diterima": 2313,
    "total_bayar": 2329
  },
  {
    "buyer": "62882007324217@s.whatsapp.net",
    "status": "Berhasil",
    "ref_id": "#ncfgs",
    "jam": "19:58:01",
    "date": "2024-04-20 19:57:55",
    "saldo_diterima": 1015,
    "total_bayar": 1022
  },
  {
    "buyer": "62882007324217@s.whatsapp.net",
    "status": "Berhasil",
    "ref_id": "#59551158",
    "jam": "21:22:13",
    "date": "2024-04-20 21:22:13",
    "saldo_diterima": 10000,
    "total_bayar": 10070
  },
  {
    "buyer": "62882007324217@s.whatsapp.net",
    "status": "Berhasil",
    "ref_id": "#44514179",
    "jam": "21:27:18",
    "date": "2024-04-20 21:27:18",
    "saldo_diterima": 1000,
    "total_bayar": 1007
  },
  {
    "buyer": "62882007324217@s.whatsapp.net",
    "status": "Berhasil",
    "ref_id": "#nknib",
    "jam": "21:40:59",
    "date": "2024-04-20 21:40:54",
    "saldo_diterima": 1022,
    "total_bayar": 1029
  },
  {
    "buyer": "62882007324217@s.whatsapp.net",
    "status": "Berhasil",
    "ref_id": "#xdakw",
    "jam": "21:43:39",
    "date": "2024-04-20 21:43:35",
    "saldo_diterima": 1023,
    "total_bayar": 1030
  },
  {
    "buyer": "62882007324217@s.whatsapp.net",
    "status": "Berhasil",
    "ref_id": "#xslhf",
    "jam": "21:57:46",
    "date": "2024-04-20 21:57:40",
    "saldo_diterima": 1024,
    "total_bayar": 1031
  },
  {
    "buyer": "6281354294346@s.whatsapp.net",
    "status": "Berhasil",
    "ref_id": "#btmmd",
    "jam": "22:12:37",
    "date": "2024-04-20 22:12:15",
    "saldo_diterima": 1026,
    "total_bayar": 1033
  },
  {
    "buyer": "62882007324217@s.whatsapp.net",
    "status": "Berhasil",
    "ref_id": "#wzoan",
    "jam": "10:04:26",
    "date": "2024-04-21 10:04:19",
    "saldo_diterima": 1001,
    "total_bayar": 1008
  },
  {
    "buyer": "6285163004902@s.whatsapp.net",
    "status": "Berhasil",
    "ref_id": "#yokqp",
    "jam": "12:38:46",
    "date": "2024-04-22 12:38:30",
    "saldo_diterima": 1005,
    "total_bayar": 1012
  },
  {
    "buyer": "62882007324217@s.whatsapp.net",
    "status": "Berhasil",
    "ref_id": "#rtidx",
    "jam": "06:36:56",
    "date": "2024-04-23 06:36:53",
    "saldo_diterima": 10006,
    "total_bayar": 10076
  },
  {
    "buyer": "6285171502270@s.whatsapp.net",
    "status": "Berhasil",
    "ref_id": "#20971491",
    "jam": "14:29:56",
    "date": "2024-06-08 15:29:56",
    "saldo_diterima": 100000,
    "total_bayar": 100700
  },
  {
    "buyer": "6285171502270@s.whatsapp.net",
    "status": "Berhasil",
    "ref_id": "#40182204",
    "jam": "16:39:36",
    "date": "2024-06-14 17:39:36",
    "saldo_diterima": 200000,
    "total_bayar": 201400
  },
  {
    "buyer": "6285171502270@s.whatsapp.net",
    "status": "Berhasil",
    "ref_id": "#47985765",
    "jam": "22:50:15",
    "date": "2024-06-16 23:50:15",
    "saldo_diterima": 100000,
    "total_bayar": 100700
  },
  {
    "buyer": "6285171502270@s.whatsapp.net",
    "status": "Berhasil",
    "ref_id": "#62165905",
    "jam": "11:56:34",
    "date": "2024-07-03 12:56:34",
    "saldo_diterima": 1090,
    "total_bayar": 1097.63
  },
  {
    "buyer": "6283821224939@s.whatsapp.net",
    "status": "Berhasil",
    "ref_id": "#70402445",
    "jam": "21:02:53",
    "date": "2025-05-21 21:02:53",
    "saldo_diterima": 10000,
    "total_bayar": 10070
  },
  {
    "buyer": "6283821224939@s.whatsapp.net",
    "status": "Berhasil",
    "ref_id": "#32632238",
    "jam": "00:58:58",
    "date": "2025-05-22 00:58:58",
    "saldo_diterima": 10000,
    "total_bayar": 10070
  }
]